{"cameraMode":{"drawMode":0,"name":"Shaded","section":"Shading Mode"},"sceneLighting":false,"audioPlay":false,"sceneViewState":{"showFog":true,"showMaterialUpdate":false,"showSkybox":true,"showFlares":true,"showImageEffects":true,"showParticleSystems":true},"in2DMode":false,"pivot":{"x":0.0813094973564148,"y":0.33496779203414919,"z":0.6955187916755676},"rotation":{"x":-0.12636373937129975,"y":-0.1299566924571991,"z":0.016699982807040216,"w":-0.983298659324646},"size":4.560872554779053,"orthographic":false}