{"cameraMode":{"drawMode":0,"name":"Shaded","section":"Shading Mode"},"sceneLighting":false,"audioPlay":false,"sceneViewState":{"showFog":true,"showMaterialUpdate":false,"showSkybox":true,"showFlares":true,"showImageEffects":true,"showParticleSystems":true},"in2DMode":false,"pivot":{"x":-5.8876423835754398,"y":-2.0055150985717775,"z":2.7198569774627687},"rotation":{"x":-0.16751715540885926,"y":0.404053658246994,"z":-0.07554736733436585,"w":-0.8961221575737},"size":8.306406021118164,"orthographic":false}