{"cameraMode":{"drawMode":0,"name":"Shaded","section":"Shading Mode"},"sceneLighting":false,"audioPlay":false,"sceneViewState":{"showFog":true,"showMaterialUpdate":false,"showSkybox":true,"showFlares":true,"showImageEffects":true,"showParticleSystems":true},"in2DMode":false,"pivot":{"x":-0.314799964427948,"y":-0.06720000505447388,"z":0.17775899171829225},"rotation":{"x":-0.2569584548473358,"y":0.24374686181545258,"z":-0.06716898083686829,"w":-0.932800829410553},"size":0.9333813190460205,"orthographic":false}