{"cameraMode":{"drawMode":0,"name":"Shaded","section":"Shading Mode"},"sceneLighting":false,"audioPlay":false,"sceneViewState":{"showFog":true,"showMaterialUpdate":false,"showSkybox":true,"showFlares":true,"showImageEffects":true,"showParticleSystems":true},"in2DMode":false,"pivot":{"x":-0.016799986362457277,"y":0.008163906633853913,"z":-0.13425898551940919},"rotation":{"x":-0.2569584548473358,"y":0.24374686181545258,"z":-0.06716898083686829,"w":-0.932800829410553},"size":1.0644989013671876,"orthographic":false}